Entity,Code,Year,Solar PV module cost
World,OWID_WRL,1975,132.3757
World,OWID_WRL,1976,99.59758
World,OWID_WRL,1977,72.66112
World,OWID_WRL,1978,51.408165
World,OWID_WRL,1979,43.19512
World,OWID_WRL,1980,36.604977
World,OWID_WRL,1981,29.266363
World,OWID_WRL,1982,26.295176
World,OWID_WRL,1983,21.2281
World,OWID_WRL,1984,19.725023
World,OWID_WRL,1985,17.220385
World,OWID_WRL,1986,14.24468
World,OWID_WRL,1987,12.110387
World,OWID_WRL,1988,11.311608
World,OWID_WRL,1989,11.690053
World,OWID_WRL,1990,12.091146
World,OWID_WRL,1991,11.200797
World,OWID_WRL,1992,10.435116
World,OWID_WRL,1993,9.758667
World,OWID_WRL,1994,9.231527
World,OWID_WRL,1995,8.535535
World,OWID_WRL,1996,7.9798346
World,OWID_WRL,1997,7.952008
World,OWID_WRL,1998,7.165558
World,OWID_WRL,1999,6.6192613
World,OWID_WRL,2000,6.495887
World,OWID_WRL,2001,6.284449
World,OWID_WRL,2002,5.747254
World,OWID_WRL,2003,5.463806
World,OWID_WRL,2004,4.695495
World,OWID_WRL,2005,4.7456656
World,OWID_WRL,2006,5.172746
World,OWID_WRL,2007,5.211057
World,OWID_WRL,2008,4.7491965
World,OWID_WRL,2009,3.1742926
World,OWID_WRL,2010,2.5118067
World,OWID_WRL,2011,2.060892
World,OWID_WRL,2012,1.1107162
World,OWID_WRL,2013,0.85660523
World,OWID_WRL,2014,0.79053074
World,OWID_WRL,2015,0.7357285
World,OWID_WRL,2016,0.6802508
World,OWID_WRL,2017,0.57135326
World,OWID_WRL,2018,0.5090506
World,OWID_WRL,2019,0.46694848
World,OWID_WRL,2020,0.36974207
World,OWID_WRL,2021,0.33192256
World,OWID_WRL,2022,0.3658019
World,OWID_WRL,2023,0.32176703
World,OWID_WRL,2024,0.26518628