source,target,energy_TJ,energy_kWh_person_day,year,source_key
primary_32,gross,103026.47681021082,8.518343076049671,2025,stat_balance + stat_population
primary_33,gross,451749.0483362518,37.351111065323295,2025,stat_balance + stat_population
primary_34,gross,265925.997395073,21.987055646140636,2025,stat_balance + stat_population
primary_35,gross,490177.4587525081,40.528414550095754,2025,stat_balance + stat_population
primary_36,gross,28995.38922987577,2.397370857771566,2025,stat_balance + stat_population
primary_31,gross,14800.864564799966,1.2237518557231417,2025,stat_balance + stat_population
gross,conversion,77738.6457732286,6.427517231165083,2025,stat_balance + stat_population
gross,own,145333.02502083647,12.016295283863379,2025,stat_balance + stat_population
gross,nonenergy,77478.15494577996,6.405979561382789,2025,stat_balance + stat_population
gross,final,1054125.4093488748,87.15625497469283,2025,stat_balance + stat_population
final,final_32,12523.160666533287,1.035428777696966,2025,stat_balance + stat_population
final_32,sector_14,12342.738369332295,1.0205112625716237,2025,stat_balance + stat_population
final_32,sector_18,175.64794485498248,0.014522766391731112,2025,stat_balance + stat_population
final_32,sector_19,4.774352346013376,0.00039474873361149273,2025,stat_balance + stat_population
final,final_33,349648.0266144123,28.909285639767916,2025,stat_balance + stat_population
final_33,sector_14,14359.132351584129,1.1872289476667313,2025,stat_balance + stat_population
final_33,sector_15,295321.0742644674,24.417473120103377,2025,stat_balance + stat_population
final_33,sector_17,4949.915813897558,0.40926451535382513,2025,stat_balance + stat_population
final_33,sector_18,25659.602889308426,2.121564352908763,2025,stat_balance + stat_population
final_33,sector_19,9358.30129515488,0.7737547037352303,2025,stat_balance + stat_population
final,final_34,160839.92773924637,13.298423155184038,2025,stat_balance + stat_population
final_34,sector_14,91747.95468019658,7.585822389437606,2025,stat_balance + stat_population
final_34,sector_15,2554.400806021907,0.21120068445624918,2025,stat_balance + stat_population
final_34,sector_17,16954.473506566872,1.401814625465459,2025,stat_balance + stat_population
final_34,sector_18,49008.04843532264,4.0520396599484885,2025,stat_balance + stat_population
final_34,sector_19,575.0506833495393,0.0475458266510643,2025,stat_balance + stat_population
final,final_35,217189.79686293064,17.957492671559734,2025,stat_balance + stat_population
final_35,sector_14,57347.194642910916,4.7415294936000185,2025,stat_balance + stat_population
final_35,sector_15,22707.324031886423,1.8774666710088406,2025,stat_balance + stat_population
final_35,sector_17,13916.637918853243,1.150643018457609,2025,stat_balance + stat_population
final_35,sector_18,113904.18829356458,9.417724294997742,2025,stat_balance + stat_population
final_35,sector_19,9314.451975715494,0.7701291934955268,2025,stat_balance + stat_population
final,final_36,10305.501935877495,0.8520703005540243,2025,stat_balance + stat_population
final_36,sector_14,10305.501935877497,0.8520703005540244,2025,stat_balance + stat_population
final,final_27,73679.33998959842,6.091889338354063,2025,stat_balance + stat_population
final_27,sector_14,7848.666333087292,0.6489364150328017,2025,stat_balance + stat_population
final_27,sector_17,22797.421365554605,1.8849160182269997,2025,stat_balance + stat_population
final_27,sector_18,42439.104823428526,3.5089121352014407,2025,stat_balance + stat_population
final_27,sector_19,594.1474675279993,0.04912476989282017,2025,stat_balance + stat_population
final,final_31,229939.6555402762,19.011665091576084,2025,stat_balance + stat_population
final_31,sector_14,90066.80451668882,7.446823034140844,2025,stat_balance + stat_population
final_31,sector_15,15174.669307223612,1.254658445349464,2025,stat_balance + stat_population
final_31,sector_17,40938.09847219964,3.3848072695885856,2025,stat_balance + stat_population
final_31,sector_18,78547.99973422626,6.494435512010871,2025,stat_balance + stat_population
final_31,sector_19,5212.083509937822,0.4309408304863168,2025,stat_balance + stat_population
