source_type,year,deaths_per_TWh,unit,source,licence_status
Biomass,2021,4.63,deaths/TWh electricity,owid_deaths,OWID compilation CC BY 4.0; source methods combine heterogeneous air-pollution and accident estimates
Brown coal,2021,32.72,deaths/TWh electricity,owid_deaths,OWID compilation CC BY 4.0; source methods combine heterogeneous air-pollution and accident estimates
Coal,2021,24.62,deaths/TWh electricity,owid_deaths,OWID compilation CC BY 4.0; source methods combine heterogeneous air-pollution and accident estimates
Gas,2021,2.821,deaths/TWh electricity,owid_deaths,OWID compilation CC BY 4.0; source methods combine heterogeneous air-pollution and accident estimates
Hydropower,2021,1.3,deaths/TWh electricity,owid_deaths,OWID compilation CC BY 4.0; source methods combine heterogeneous air-pollution and accident estimates
Nuclear,2021,0.03,deaths/TWh electricity,owid_deaths,OWID compilation CC BY 4.0; source methods combine heterogeneous air-pollution and accident estimates
Oil,2021,18.43,deaths/TWh electricity,owid_deaths,OWID compilation CC BY 4.0; source methods combine heterogeneous air-pollution and accident estimates
Solar,2021,0.019,deaths/TWh electricity,owid_deaths,OWID compilation CC BY 4.0; source methods combine heterogeneous air-pollution and accident estimates
Wind,2021,0.035,deaths/TWh electricity,owid_deaths,OWID compilation CC BY 4.0; source methods combine heterogeneous air-pollution and accident estimates
