iso3,country,year,primary_energy_QBTU,population,gdp_ppp_per_person_2021_international_dollar
ABW,Aruba,2024,.0168067032085612801464431,107995,45428.0027283518
AFG,Afghanistan,2024,.13461776825384903457109013457372621961,42647492,1964.45228895456
AGO,Angola,2024,.343823589608905503556147610440924694032,37885849,8752.7974709833
ALB,Albania,2024,.087328996098633950284431093939156306651,2377128,21640.9835773271
ARE,United Arab Emirates,2024,5.01858185286981150849258520038543780335,10986400,69701.785835525
ARG,Argentina,2024,3.56599801104172690670486039855441494702,45696159,26771.9657650571
ARM,Armenia,2024,.169856840219316470822228666363085625818,3033500,20078.7848984844
ATG,Antigua and Barbuda,2024,.01063745676919978929793626,93772,29298.6474164727
AUS,Australia,2024,5.9926708366115425472884499448160209097,27194286,60309.5831772339
AUT,Austria,2024,1.06741094218343686451086163420259246704,9177982,63787.9891749462
AZE,Azerbaijan,2024,.652875643372049493676550273335514864965,10202830,22090.5298026929
BDI,Burundi,2024,.013341732091382982340888697679657862468,14047786,1048.05557098193
BEL,Belgium,2024,2.28280867380458838161313640989806366654,11858610,63311.2766917178
BEN,Benin,2024,.107176946745657866809370219722108961496,14462724,3901.32588494392
BFA,Burkina Faso,2024,.085374166838703149773406435103874058128,23548781,2548.50247702504
BGD,Bangladesh,2024,1.96860775042188054433212612010524231589,173562364,8486.78495660517
BGR,Bulgaria,2024,.649791311550262103617606220582503589002,6441421,34221.3866940362
BHR,Bahrain,2024,.833703900840287829304517534194348980368,1588670,59060.1818363183
BHS,The Bahamas,2024,.04743471882210000045729692,401283,36244.0500123244
BIH,Bosnia and Herzegovina,2024,.298605381154274979265465355730952017187,3164253,20578.4995446816
BLR,Belarus,2024,.994576820484042685023468351351916375654,9132629,29135.9465139232
BLZ,Belize,2024,.014390815117086574493106682297772567409,417072,12621.4081961897
BMU,Bermuda,2024,.008225109362289597300424889835873388042,64636,104299.944358815
BOL,Bolivia,2024,.397317641041775452111070432930033275976,12413315,11329.1518061536
BRA,Brazil,2024,10.6865411574912189720106167582794592187,211998573,19652.365499171
BRB,Barbados,2024,.023098936180856500735441630310668229777,282467,21557.5276350385
BRN,Brunei,2024,.192595640008988075997559114523594935082,462721,79071.7333801445
BTN,Bhutan,2024,.06072121443202044386346496210323711091,791524,15603.8871298469
BWA,Botswana,2024,.084397060565438259730337096149001905061,2521139,18107.614452913
CAF,Central African Republic,2024,.00648714212027103954,5330690,1111.21941638883
CAN,Canada,2024,12.6794782479862914659913222760632363831,41262329,57534.0915185335
CHE,Switzerland,2024,.892350174358311519703488241700529015435,9005582,85448.0585577007
CHL,Chile,2024,1.35425479587020551598530672679175685288,19764771,30267.6440919907
CHN,China,2024,170.57927518753140615871180343849777608,1408975000,23841.4769141817
CIV,Cote d'Ivoire,2024,.284623026821006812787988596436107854631,31934230,6747.0379677706
CMR,Cameroon,2024,.119522422180606707302981448731838025112,29123744,4916.93354019494
COD,Congo-Kinshasa,2024,.116506511514156751142122456200204539154,109276265,1601.70926640422
COG,Congo-Brazzaville,2024,.083366219331903784615684901781946072685,6332961,6152.56509118442
COL,Colombia,2024,1.78998564731508512857801863088470614749,52886363,18481.8374929368
COM,Comoros,2024,.00538552,866628,3556.0384263801
CPV,Cabo Verde,2024,.01062308425027938475826264,524877,9825.53410093619
CRI,Costa Rica,2024,.168514189647044733595722741152322813705,5129910,27325.0470476503
CYM,Cayman Islands,2024,.01212874525174755356843398,74457,80996.6506641666
CYP,Cyprus,2024,.103190452899864371063584106343022639956,1358282,52861.8359375
CZE,Czechia,2024,1.46250746757523179664317759731463323336,10905028,47972.53171792
DEU,Germany,2024,9.92485476578275405486003168565510796383,83516593,62654.602264023
DJI,Djibouti,2024,.01197105972160656603152028,1168722,6871.12440453129
DMA,Dominica,2024,.00264226301919507056,66205,18739.3640404986
DNK,Denmark,2024,.57656862255221387908293993315337268019,5976992,71034.5789667138
DOM,Dominican Republic,2024,.477768969044605463138142905288955725117,11427557,24229.8894872915
DZA,Algeria,2024,2.88796492875629937321860068329181589184,46814308,15501.9197003966
ECU,Ecuador,2024,.668148651155290264875344430383818940018,18135478,13922.4222780744
EGY,Egypt,2024,4.33088257651491873769702870712148781624,116538258,16798.151577838
ESP,Spain,2024,4.97569147680487015597318309499273293279,48848840,48460.2914069661
EST,Estonia,2024,.098743207554691892649370528460043024571,1372341,41185.8348356109
ETH,Ethiopia,2024,.308984409559356385195712351706658663262,132059767,2892.22220162795
FIN,Finland,2024,.999264882178276013068839791258544731834,5619911,55901.3202296588
FJI,Fiji,2024,.034703586694594363320537299800228374277,928784,13592.4635937435
FRA,France,2024,8.56265717610085282867506158888689420448,68551653,54799.3482689389
FRO,Faroe Islands,2024,.012223593485940204548241500586166471278,54640,72113.6513885269
FSM,Micronesia,2024,.002395833,113160,3911.26631940407
GAB,Gabon,2024,.05859276720983447610639329676203336749,2538952,18923.6616609778
GBR,United Kingdom,2024,6.41058840705491876353948391600919982632,69281000,53412.0647163589
GEO,Georgia,2024,.244231449225825640461242714275251576673,3812518,24146.6234108645
GHA,Ghana,2024,.38334873732393560849990094352939296734,34427414,7072.79879594445
GIN,Guinea,2024,.074685896211333444761239838653002126606,14754785,4016.34191385979
GMB,"Gambia, The",2024,.00785071856052234688850684,2759988,3057.6841778633
GNB,Guinea-Bissau,2024,.00520199587725609100850684,2201352,2717.54206972499
GNQ,Equatorial Guinea,2024,.10600865128330179485164812515138013822,1892516,14997.7564392976
GRC,Greece,2024,1.02922690220585355462472054312418464227,10405134,37474.2798239947
GRD,Grenada,2024,.00572816022466808026600912,117207,17484.5153919556
GTM,Guatemala,2024,.341044466131402330993358983876864611914,18406359,12643.9841235004
GUY,Guyana,2024,.056118265215264397699552168815943728019,831087,70516.7027944836
HKG,Hong Kong,2024,.959316525086225069862637372511774999319,7524100,66186.0448635456
HND,Honduras,2024,.193620430895998633940346960568599097037,10825703,6590.84384301553
HRV,Croatia,2024,.317377291884500003296901160162480159683,3866200,42828.7997273569
HTI,Haiti,2024,.02419353789764192507800912,11772557,2783.79140882788
HUN,Hungary,2024,.943896986207609527371438346463091428924,9562065,40747.1986679668
IDN,Indonesia,2024,11.3770397544795332756560063173087125195,283487931,14470.7179806578
IND,India,2024,37.4903024509301914949533476207325732158,1450935791,9416.05137044735
IRL,Ireland,2024,.602200815124537409316604072450291958996,5395790,118833.312071751
IRN,Iran,2024,13.9604631709399235364512843379671097093,91567738,17484.1320140467
IRQ,Iraq,2024,2.91505536322687102331754275916144798122,46042015,12725.0431260364
ISL,Iceland,2024,.11202451180240714784088727219388795412,386506,68230.356652817
ISR,Israel,2024,1.04201642425796403102795702332375837509,10002200,47388.7236682364
ITA,Italy,2024,5.57137474263160209278310067049952073516,58952704,53284.8745049149
JAM,Jamaica,2024,.121139421454680293596233052367077026044,2839175,11340.2638800451
JOR,Jordan,2024,.367245206447789021544275180721759176548,11552876,10468.265334284
JPN,Japan,2024,15.6644189367338983685702704443738726596,123975371,47479.8448545667
KAZ,Kazakhstan,2024,3.63401986118267430442308156109155454253,20592571,35973.9633287017
KEN,Kenya,2024,.322878141784714830620912413554860804969,56432944,5841.59866001706
KGZ,Kyrgyzstan,2024,.187613532538667055668270675348294398595,7221868,7210.57669830499
KHM,Cambodia,2024,.299002854130703702752819601621817623697,17638801,7011.58146903703
KIR,Kiribati,2024,.00122691555792432365014162,134518,3275.00186630433
KNA,Saint Kitts and Nevis,2024,.00399701474863772762063934,46843,30656.4410109367
KOR,South Korea,2024,12.4161469175786121549574707363609832883,51751065,55070.9386194121
KWT,Kuwait,2024,1.91513896139169336125186143036029884861,4897263,46664.2195116056
LAO,Laos,2024,.288640868309401929336645517356683372974,7769819,8600.3245466568
LBN,Lebanon,2024,.243481538360904148243237968066695082646,5805962,10469.2210966932
LBR,Liberia,2024,.010913660431171085211002643980090692097,5612817,1646.05861366601
LBY,Libya,2024,.840249772283215907685526901110810781986,7381023,12583.8338726816
LCA,Saint Lucia,2024,.00902559237609505098914618,179744,24699.9694711589
LKA,Sri Lanka,2024,.235638951184802062133048260586854360782,21916000,13793.0669827677
LSO,Lesotho,2024,.01341260761899747413879604,2337423,2697.62738436647
LTU,Lithuania,2024,.250426696253264064774474374994970726188,2888278,47462.0039386975
LUX,Luxembourg,2024,.153216117460216706863964869312644362628,677012,128475.283540415
LVA,Latvia,2024,.11817602491244519414064517661360800561,1866124,37615.0762450744
MAC,Macau,2024,.047695219637227370694953106682297772567,687000,111693.502831434
MAR,Morocco,2024,.938514853266122528748613749424071551497,38081173,9162.7470703125
MDA,Moldova,2024,.122707164321309428931642241369732829591,2402306,16393.8633257184
MDG,Madagascar,2024,.056014414499978921431121062090040036051,31964956,1659.15030770194
MDV,Maldives,2024,.02645946012604528355284682,527799,23034.4098404839
MEX,Mexico,2024,7.78921482609185992562251995960498529164,130861007,21970.3520412926
MKD,North Macedonia,2024,.096966782752181317861972911217197141743,1824359,24203.1855800189
MLI,Mali,2024,.099062778551680601964737660701882042616,24478595,2917.93245883671
MLT,Malta,2024,.123953515640173759675939664294100743781,568847,62398.4892388947
MMR,Burma,2024,.478602761548086979822295058015544219182,54500091,5276.29433987853
MNE,Montenegro,2024,.040348721612313976820571952727429800669,623525,28105.5927726624
MNG,Mongolia,2024,.262168375958701837371845175336334779562,3524788,16842.6505873797
MOZ,Mozambique,2024,.208190451022986265242259192309495896835,34631766,1500.70758504856
MRT,Mauritania,2024,.0671428756012169998084703,5169395,6482.69016635936
MUS,Mauritius,2024,.081748904693237267367991354185000544328,1245779,27844.8956114831
MWI,Malawi,2024,.029497064815367354238117995609320097107,21655286,1634.24660266597
MYS,Malaysia,2024,4.33876372432937022410593115431038708677,35557673,34116.2317848885
NAM,Namibia,2024,.064699390045901777282472024928420907402,3030131,10276.3686426386
NER,Niger,2024,.047146054603998316000305516386113632635,27032412,1795.65266888022
NGA,Nigeria,2024,1.75693320076871293541991079283622931056,232679478,7994.03754470824
NIC,Nicaragua,2024,.090212375769783430219719770574443141852,6916140,7661.09410113202
NLD,Netherlands,2024,3.22415893666802125470363006892509199273,17993485,70493.9051219267
NOR,Norway,2024,1.1524385178668630934640217612569849887,5572279,94803.6704931641
NPL,Nepal,2024,.179702687192559376143550776540322186161,29651054,5047.42449022702
NRU,Nauru,2024,.00130818579883895998063934,11947,11957.8785504229
NZL,New Zealand,2024,.62260966957480877715690547886566421012,5290000,48325.3650985684
OMN,Oman,2024,1.55130722099854137830030316566850038049,5281538,36721.0804548374
PAK,Pakistan,2024,2.92461156073301875203221152240150330395,251269164,5502.0736120186
PAN,Panama,2024,.356075655282901303559940052780612039071,4515577,36394.9235366316
PER,Peru,2024,1.04483816525413341031421563544324405346,34217848,15708.8329440963
PHL,Philippines,2024,2.12458532236369665498086345980630716499,115843670,10378.1717703535
PNG,Papua New Guinea,2024,.111738636776939870410745371465416178195,10576502,4292.71205430013
POL,Poland,2024,3.75898199849666644330928090161968491613,36559233,45153.0439773281
PRI,Puerto Rico,2024,.304692017292065728549498592139818045786,3202521,44216.4333367133
PRT,Portugal,2024,.778847965346941131152031023175189376362,10694681,42228.1580446502
PRY,Paraguay,2024,.186969463711583880799314227265328398738,6929153,16367.4940166481
PSE,Palestinian Territories,2024,.092264395493845623115807155029308323564,5289152,4190.90911333626
QAT,Qatar,2024,2.33529110235518727170455623614098842201,2857822,111314.250355891
ROU,Romania,2024,1.1083271041551355864433161376740748727,19051804,40503.8323253789
RUS,Russia,2024,34.284126219230803525537765597931558062,143669648,41891.171875
RWA,Rwanda,2024,.026829638909476008880258689981003471662,14256567,3325.00769683815
SAU,Saudi Arabia,2024,11.8745457140558575408829420615153272688,35300280,63194.4332528832
SDN,Sudan,2024,.220609821873687404774006333786635404455,50448963,1861.39794921875
SEN,Senegal,2024,.170456448943329283720296724250953143847,18501984,4477.81736836258
SGP,Singapore,2024,3.78560103604252048666406738945922066232,6036860,134548.764138482
SLB,Solomon Islands,2024,.004588086156236738128969287057444314185,819198,2353.54960111186
SLE,Sierra Leone,2024,.023768181462429057699338343821805392732,8642022,3098.76290446676
SLV,El Salvador,2024,.159730144082803351185863006504538007634,6338193,11647.0234480127
SOM,Somalia,2024,.023178267405056528480174,19009151,1409.33492233283
SRB,Serbia,2024,.579657097472315981402887962680675316824,6586476,26900.7415340646
STP,Sao Tome and Principe,2024,.00253140085979876764,235536,5511.87785469752
SUR,Suriname,2024,.033607790694790581475396800586166471278,634431,19179.101839106
SVK,Slovakia,2024,.66420018436673917993964740565957460895,5422069,40302.4514288424
SVN,Slovenia,2024,.234162053515867725747222772003479946396,2127400,48658.0265180267
SWE,Sweden,2024,1.4882251886105300643071065359188868092,10569709,62558.4065876041
SWZ,Eswatini,2024,.023776695098630483701999817828837835162,1242822,10386.2145717572
SYC,Seychelles,2024,.014066293574522581654169145526070190082,121354,29288.019181519
TCA,Turks and Caicos Islands,2024,.00650862659883895998063934,46535,33390.5267148059
TCD,Chad,2024,.026496086652966636375166975726846424385,20299123,2430.73298355271
TGO,Togo,2024,.043582985275248966575896912762578364608,8406558,3351.24993111939
THA,Thailand,2024,5.44478864332802093017561304386359806898,71668011,21882.2142474833
TJK,Tajikistan,2024,.182214603971538945099943856780864133822,10590927,4755.93296704719
TKM,Turkmenistan,2024,1.85093421519083396358443978834064582473,7494498,18470.7438450744
TLS,Timor-Leste ,2024,.00947584575908536366950228,1400638,3890.95754653453
TON,Tonga,2024,.0031457474586428152596439,104175,7180.98743332878
TTO,Trinidad and Tobago,2024,.62714262462042772739749690620320869386,1368333,31960.1568888983
TUN,Tunisia,2024,.419921947550513865911220594915361592253,12277109,12774.9158568021
TUR,Turkiye,2024,6.40805588698535427618189712233376905424,85518661,36154.490436557
TZA,Tanzania,2024,.270194382837467201684346881067568786942,68560157,3713.26293945313
UGA,Uganda,2024,.108711243333180557126967936014067995311,50015092,2879.67009290376
UKR,Ukraine,2024,2.28948717746093024690970388343376064986,37860221,16371.44140625
URY,Uruguay,2024,.182586167974355970585162060725234557172,3386588,32149.480073986
USA,United States,2024,94.555671952,340003797,75698.1773354629
UZB,Uzbekistan,2024,2.29499543717579303588508069751116699474,36361859,10997.1707291644
VCT,Saint Vincent/Grenadines,2024,.00388723633920015819900456,100616,18714.198849353
VNM,Vietnam,2024,4.1308911327254657811461359565311380431,100987686,14396.4217369473
VUT,Vanuatu,2024,.004612335169079540963470691676436107855,327777,3837.03937446048
WSM,Samoa,2024,.004963312697389514146707707643610785463,218019,7687.23425552485
ZAF,South Africa,2024,5.39427256463104468115016350297598590642,64007187,13597.6538495998
ZMB,Zambia,2024,.173923809377674666329103539412016727985,21314956,3708.06904295647
ZWE,Zimbabwe,2024,.23039747486903577541733003552171721603,16634373,5211.89755587954
