year,USD_2025_per_Wp,source,licence_status
1975,132.3757,owid_prices,OWID CC BY 4.0; source attribution: Nemet/Farmer-Lafond through 2009; IRENA 2025 / pvXchange attributed reuse 2010 onward
1976,99.59758,owid_prices,OWID CC BY 4.0; source attribution: Nemet/Farmer-Lafond through 2009; IRENA 2025 / pvXchange attributed reuse 2010 onward
1977,72.66112,owid_prices,OWID CC BY 4.0; source attribution: Nemet/Farmer-Lafond through 2009; IRENA 2025 / pvXchange attributed reuse 2010 onward
1978,51.408165,owid_prices,OWID CC BY 4.0; source attribution: Nemet/Farmer-Lafond through 2009; IRENA 2025 / pvXchange attributed reuse 2010 onward
1979,43.19512,owid_prices,OWID CC BY 4.0; source attribution: Nemet/Farmer-Lafond through 2009; IRENA 2025 / pvXchange attributed reuse 2010 onward
1980,36.604977,owid_prices,OWID CC BY 4.0; source attribution: Nemet/Farmer-Lafond through 2009; IRENA 2025 / pvXchange attributed reuse 2010 onward
1981,29.266363,owid_prices,OWID CC BY 4.0; source attribution: Nemet/Farmer-Lafond through 2009; IRENA 2025 / pvXchange attributed reuse 2010 onward
1982,26.295176,owid_prices,OWID CC BY 4.0; source attribution: Nemet/Farmer-Lafond through 2009; IRENA 2025 / pvXchange attributed reuse 2010 onward
1983,21.2281,owid_prices,OWID CC BY 4.0; source attribution: Nemet/Farmer-Lafond through 2009; IRENA 2025 / pvXchange attributed reuse 2010 onward
1984,19.725023,owid_prices,OWID CC BY 4.0; source attribution: Nemet/Farmer-Lafond through 2009; IRENA 2025 / pvXchange attributed reuse 2010 onward
1985,17.220385,owid_prices,OWID CC BY 4.0; source attribution: Nemet/Farmer-Lafond through 2009; IRENA 2025 / pvXchange attributed reuse 2010 onward
1986,14.24468,owid_prices,OWID CC BY 4.0; source attribution: Nemet/Farmer-Lafond through 2009; IRENA 2025 / pvXchange attributed reuse 2010 onward
1987,12.110387,owid_prices,OWID CC BY 4.0; source attribution: Nemet/Farmer-Lafond through 2009; IRENA 2025 / pvXchange attributed reuse 2010 onward
1988,11.311608,owid_prices,OWID CC BY 4.0; source attribution: Nemet/Farmer-Lafond through 2009; IRENA 2025 / pvXchange attributed reuse 2010 onward
1989,11.690053,owid_prices,OWID CC BY 4.0; source attribution: Nemet/Farmer-Lafond through 2009; IRENA 2025 / pvXchange attributed reuse 2010 onward
1990,12.091146,owid_prices,OWID CC BY 4.0; source attribution: Nemet/Farmer-Lafond through 2009; IRENA 2025 / pvXchange attributed reuse 2010 onward
1991,11.200797,owid_prices,OWID CC BY 4.0; source attribution: Nemet/Farmer-Lafond through 2009; IRENA 2025 / pvXchange attributed reuse 2010 onward
1992,10.435116,owid_prices,OWID CC BY 4.0; source attribution: Nemet/Farmer-Lafond through 2009; IRENA 2025 / pvXchange attributed reuse 2010 onward
1993,9.758667,owid_prices,OWID CC BY 4.0; source attribution: Nemet/Farmer-Lafond through 2009; IRENA 2025 / pvXchange attributed reuse 2010 onward
1994,9.231527,owid_prices,OWID CC BY 4.0; source attribution: Nemet/Farmer-Lafond through 2009; IRENA 2025 / pvXchange attributed reuse 2010 onward
1995,8.535535,owid_prices,OWID CC BY 4.0; source attribution: Nemet/Farmer-Lafond through 2009; IRENA 2025 / pvXchange attributed reuse 2010 onward
1996,7.9798346,owid_prices,OWID CC BY 4.0; source attribution: Nemet/Farmer-Lafond through 2009; IRENA 2025 / pvXchange attributed reuse 2010 onward
1997,7.952008,owid_prices,OWID CC BY 4.0; source attribution: Nemet/Farmer-Lafond through 2009; IRENA 2025 / pvXchange attributed reuse 2010 onward
1998,7.165558,owid_prices,OWID CC BY 4.0; source attribution: Nemet/Farmer-Lafond through 2009; IRENA 2025 / pvXchange attributed reuse 2010 onward
1999,6.6192613,owid_prices,OWID CC BY 4.0; source attribution: Nemet/Farmer-Lafond through 2009; IRENA 2025 / pvXchange attributed reuse 2010 onward
2000,6.495887,owid_prices,OWID CC BY 4.0; source attribution: Nemet/Farmer-Lafond through 2009; IRENA 2025 / pvXchange attributed reuse 2010 onward
2001,6.284449,owid_prices,OWID CC BY 4.0; source attribution: Nemet/Farmer-Lafond through 2009; IRENA 2025 / pvXchange attributed reuse 2010 onward
2002,5.747254,owid_prices,OWID CC BY 4.0; source attribution: Nemet/Farmer-Lafond through 2009; IRENA 2025 / pvXchange attributed reuse 2010 onward
2003,5.463806,owid_prices,OWID CC BY 4.0; source attribution: Nemet/Farmer-Lafond through 2009; IRENA 2025 / pvXchange attributed reuse 2010 onward
2004,4.695495,owid_prices,OWID CC BY 4.0; source attribution: Nemet/Farmer-Lafond through 2009; IRENA 2025 / pvXchange attributed reuse 2010 onward
2005,4.7456656,owid_prices,OWID CC BY 4.0; source attribution: Nemet/Farmer-Lafond through 2009; IRENA 2025 / pvXchange attributed reuse 2010 onward
2006,5.172746,owid_prices,OWID CC BY 4.0; source attribution: Nemet/Farmer-Lafond through 2009; IRENA 2025 / pvXchange attributed reuse 2010 onward
2007,5.211057,owid_prices,OWID CC BY 4.0; source attribution: Nemet/Farmer-Lafond through 2009; IRENA 2025 / pvXchange attributed reuse 2010 onward
2008,4.7491965,owid_prices,OWID CC BY 4.0; source attribution: Nemet/Farmer-Lafond through 2009; IRENA 2025 / pvXchange attributed reuse 2010 onward
2009,3.1742926,owid_prices,OWID CC BY 4.0; source attribution: Nemet/Farmer-Lafond through 2009; IRENA 2025 / pvXchange attributed reuse 2010 onward
2010,2.5118067,owid_prices,OWID CC BY 4.0; source attribution: Nemet/Farmer-Lafond through 2009; IRENA 2025 / pvXchange attributed reuse 2010 onward
2011,2.060892,owid_prices,OWID CC BY 4.0; source attribution: Nemet/Farmer-Lafond through 2009; IRENA 2025 / pvXchange attributed reuse 2010 onward
2012,1.1107162,owid_prices,OWID CC BY 4.0; source attribution: Nemet/Farmer-Lafond through 2009; IRENA 2025 / pvXchange attributed reuse 2010 onward
2013,0.85660523,owid_prices,OWID CC BY 4.0; source attribution: Nemet/Farmer-Lafond through 2009; IRENA 2025 / pvXchange attributed reuse 2010 onward
2014,0.79053074,owid_prices,OWID CC BY 4.0; source attribution: Nemet/Farmer-Lafond through 2009; IRENA 2025 / pvXchange attributed reuse 2010 onward
2015,0.7357285,owid_prices,OWID CC BY 4.0; source attribution: Nemet/Farmer-Lafond through 2009; IRENA 2025 / pvXchange attributed reuse 2010 onward
2016,0.6802508,owid_prices,OWID CC BY 4.0; source attribution: Nemet/Farmer-Lafond through 2009; IRENA 2025 / pvXchange attributed reuse 2010 onward
2017,0.57135326,owid_prices,OWID CC BY 4.0; source attribution: Nemet/Farmer-Lafond through 2009; IRENA 2025 / pvXchange attributed reuse 2010 onward
2018,0.5090506,owid_prices,OWID CC BY 4.0; source attribution: Nemet/Farmer-Lafond through 2009; IRENA 2025 / pvXchange attributed reuse 2010 onward
2019,0.46694848,owid_prices,OWID CC BY 4.0; source attribution: Nemet/Farmer-Lafond through 2009; IRENA 2025 / pvXchange attributed reuse 2010 onward
2020,0.36974207,owid_prices,OWID CC BY 4.0; source attribution: Nemet/Farmer-Lafond through 2009; IRENA 2025 / pvXchange attributed reuse 2010 onward
2021,0.33192256,owid_prices,OWID CC BY 4.0; source attribution: Nemet/Farmer-Lafond through 2009; IRENA 2025 / pvXchange attributed reuse 2010 onward
2022,0.3658019,owid_prices,OWID CC BY 4.0; source attribution: Nemet/Farmer-Lafond through 2009; IRENA 2025 / pvXchange attributed reuse 2010 onward
2023,0.32176703,owid_prices,OWID CC BY 4.0; source attribution: Nemet/Farmer-Lafond through 2009; IRENA 2025 / pvXchange attributed reuse 2010 onward
2024,0.26518628,owid_prices,OWID CC BY 4.0; source attribution: Nemet/Farmer-Lafond through 2009; IRENA 2025 / pvXchange attributed reuse 2010 onward
